ctry,j,f,m,a,m,j,j,a,s,o,n,d,j,f,m,a,m,j,j,a,s,o,n,d,j,f,m,a,m,j,j,a,s,o,n,d,j,f,m,a,m,j,j,a,s,o,n,d,j,f,m,a,m,j,j,a,s,o,n,d,j,f,m,a,m,j,j,a,s,o,n,d,j,f,m,a,m,j,j,a,s,o,n,d,j,f,m,a,m,j,j,a,s,o,n,d,j,f,m,a,m,j,j,a,s,o,n,d,j,f,m,a,m,j,j,a,s,o,n,d,j,f,m,a,m,j,j,a,s,o,n,d,j,f,m,a,m,j,j,a,s,o,n,d,j,f,m,a,m,j,j,a,s,o,n,d,j,f,m,a,m,j,j,a,s,o,n,d,j,f,m,a,m,j,j,a,s,o,n,d,j,f,m,a,m,j,j,a,s,o,n,d,j,f,m,a,m,j,j,a,s,o,n,d,j,f,m,a,m,j,j,a,s,o,n,d,j,f,m,a,m,j,j,a,s,o,n,d,j,f,m,a,m,j,j,a,s,o,n,d,j,f,m,a,m,j,j,a,s,
Thailand,2,3,5,2,3,6,4,2,0,4,12,7,6,10,14,9,5,4,7,1,13,7,7,17,7,5,2,8,7,6,9,11,7,9,13,18,14,5,23,20,48,42,42,35,46,28,44,44,53,42,47,53,46,42,48,50,44,40,46,39,37,39,58,34,44,35,31,35,71,97,54,109,54,25,36,28,17,31,22,30,30,36,28,38,22,16,29,22,13,16,19,10,14,27,63,25,16,11,24,10,21,18,19,15,19,20,18,16,15,9,16,14,18,28,24,11,14,26,24,11,5,9,17,12,8,10,15,9,23,20,17,13,5,13,12,10,10,18,11,20,19,30,22,42,27,28,36,30,13,17,11,12,22,11,27,16,22,20,16,12,16,29,22,20,15,21,22,16,21,16,16,9,9,18,22,16,27,17,10,26,22,20,13,24,22,19,12,23,33,35,20,33,34,17,13,10,14,15,8,10,16,13,28,14,12,18,13,15,16,22,16,23,33,47,56,29,29,18,33,18,31,40,34,36,51,42,59,36,30,28,26,26,45,41,52,37,26,41,31,43,30,28,37,40,43,44,24
Philippines,0,0,0,0,0,0,0,0,0,2,2,2,10,6,4,1,1,1,2,6,3,5,11,2,5,7,2,2,5,2,1,1,3,5,14,11,30,32,11,28,17,32,36,21,25,22,35,31,21,11,22,30,26,24,21,18,40,48,45,36,47,32,64,53,56,56,49,29,51,123,102,134,50,54,60,42,15,27,36,31,35,44,52,41,49,36,49,30,23,0,0,0,1,14,62,65,26,45,136,65,42,46,32,86,39,42,32,24,14,15,48,15,13,16,13,15,6,12,29,18,25,12,22,35,41,31,22,18,24,34,33,25,36,24,29,12,15,34,20,22,11,50,79,76,41,31,28,21,31,33,28,18,25,27,54,22,16,19,19,13,16,21,22,14,18,12,21,18,15,6,13,12,16,11,11,21,23,21,23,42,21,14,20,18,11,27,26,21,26,25,34,26,39,16,13,12,11,14,14,13,14,20,52,22,19,14,14,12,13,22,18,19,21,52,51,28,33,33,36,21,25,29,34,31,40,33,67,49,28,29,29,26,36,24,26,39,23,32,35,63,27,27,34,43,45,36,38
India,5,4,7,10,15,21,6,7,12,17,11,14,13,10,12,14,17,25,23,15,19,15,19,19,13,14,17,14,19,25,19,13,21,22,30,29,32,29,41,57,41,94,70,66,76,113,105,109,99,86,104,95,80,104,107,119,121,80,81,102,89,107,135,100,74,157,134,127,141,203,195,268,212,193,169,137,116,128,115,93,92,118,108,169,117,120,131,76,59,85,66,65,70,90,86,84,88,100,82,87,67,64,63,64,61,62,57,65,50,63,61,44,35,42,47,59,55,54,76,50,47,52,33,40,48,69,49,42,62,65,85,66,92,74,58,60,43,53,65,55,66,71,112,175,109,67,88,91,67,103,73,64,94,85,58,76,77,71,90,53,94,102,76,65,62,63,65,68,65,73,71,60,60,59,72,77,79,94,68,100,94,57,79,49,80,113,98,106,129,84,101,80,97,88,46,23,25,44,36,49,37,72,61,53,46,100,79,59,49,55,60,76,84,130,121,92,51,89,94,119,113,130,126,135,128,108,151,124,125,109,109,119,106,156,133,124,142,133,121,155,106,121,89,107,111,120,113
India,1,6,2,3,7,11,6,6,10,15,21,31,24,20,14,10,25,18,59,19,54,33,35,23,26,23,38,20,28,37,19,27,34,4,16,15,22,11,12,16,24,29,12,12,16,17,16,28,26,11,17,22,24,19,17,11,7,2,15,7,12,23,3,6,5,14,21,23,31,73,84,133,52,26,26,23,28,31,11,23,22,24,40,46,23,25,24,20,18,20,19,12,20,28,30,41,12,13,15,9,6,21,16,14,9,17,15,17,20,25,21,36,22,27,19,21,31,21,42,23,17,32,12,23,29,38,47,34,75,30,65,34,93,60,55,68,49,48,68,49,75,94,124,210,69,69,65,76,78,104,76,56,78,68,53,64,81,52,68,41,64,102,59,64,118,77,87,101,108,73,97,98,80,115,92,102,92,119,105,138,92,76,110,135,123,239,259,301,350,249,260,209,217,147,126,90,133,117,115,105,111,113,101,123,135,191,180,121,89,154,227,289,347,379,287,206,115,160,181,205,228,233,175,155,181,190,243,149,183,165,233,189,176,207,246,188,202,183,150,208,189,158,108,159,165,185,216
India,0,0,0,0,0,0,0,0,0,0,0,0,0,0,0,0,0,0,0,0,0,0,0,0,0,0,0,0,0,0,0,0,0,0,0,0,0,0,0,0,0,0,0,0,0,0,0,1,0,0,0,0,0,0,0,0,0,0,0,0,1,0,13,13,6,14,37,32,23,39,50,106,55,24,13,13,21,21,17,13,8,15,20,45,12,9,12,8,9,30,22,8,9,19,18,27,13,20,13,15,9,24,16,11,9,15,10,17,16,11,9,16,6,16,12,12,8,13,18,4,5,3,3,5,6,9,11,9,20,18,26,29,35,28,6,27,16,40,43,30,61,53,67,118,44,32,22,16,28,48,48,45,51,58,78,27,35,22,24,34,42,117,55,45,56,52,77,27,63,37,19,19,14,29,16,17,20,28,22,41,17,25,18,19,19,39,30,46,71,54,58,51,42,47,19,14,10,21,24,28,26,31,37,38,37,49,33,21,23,29,28,28,52,47,40,26,18,13,21,14,24,12,17,24,17,38,44,20,14,27,44,19,16,21,28,39,53,43,48,31,29,14,10,36,34,31,46
Japan,3,4,5,2,3,5,3,0,6,9,5,5,11,14,9,5,5,2,8,4,7,4,3,1,9,5,4,6,6,3,8,6,3,4,7,6,10,14,11,16,25,29,13,17,24,11,15,23,37,16,22,20,34,31,52,17,15,2,16,8,27,18,6,10,10,7,11,8,29,14,31,33,14,11,9,6,5,5,4,2,4,36,7,6,5,1,3,5,4,3,6,4,3,3,2,7,4,2,1,0,7,2,3,2,4,1,3,2,0,2,3,3,5,5,6,5,4,3,7,2,1,1,10,7,3,0,7,5,10,3,3,7,2,4,5,5,7,7,5,6,6,6,6,15,6,4,4,3,9,2,2,0,5,5,7,3,8,2,3,8,6,5,5,2,4,2,4,2,4,3,3,6,7,5,3,4,7,3,2,5,9,3,4,3,5,6,7,4,7,8,5,8,10,4,1,3,2,4,12,6,6,13,11,20,13,10,15,26,11,10,9,5,13,12,22,8,10,5,5,5,7,5,4,3,7,7,5,3,7,4,5,6,11,13,6,8,8,9,7,23,6,4,4,3,10,4,9
Japan,78,65,70,72,55,88,61,70,62,105,115,105,126,173,133,92,113,189,121,82,125,138,121,118,72,79,74,43,65,93,44,66,64,51,67,57,84,131,117,106,157,257,160,204,222,244,257,290,349,271,271,253,346,410,392,244,234,232,208,210,225,235,185,173,184,228,161,167,286,260,287,323,190,222,181,150,155,190,138,134,156,162,154,182,89,104,89,83,132,137,93,57,92,93,118,129,84,85,72,59,82,90,71,68,78,99,94,85,84,54,64,70,80,93,55,50,85,84,126,71,69,58,82,84,59,77,58,47,70,87,100,95,58,67,75,77,72,95,61,61,82,101,118,155,72,88,60,66,84,50,50,51,69,80,112,84,74,57,84,67,87,103,86,76,44,93,109,79,65,50,69,52,50,52,51,56,86,84,79,79,65,57,78,68,19,16,16,15,16,16,12,11,15,7,5,7,11,13,15,11,8,9,17,22,139,108,135,164,102,152,111,111,141,248,210,157,131,109,135,94,77,103,99,81,106,103,155,113,91,101,100,103,109,93,109,74,148,98,79,153,110,101,99,78,97,126,91
Japan,89,69,65,47,61,80,53,93,78,95,105,111,95,171,118,108,115,218,133,75,88,123,100,127,72,69,66,56,60,81,65,59,64,52,61,57,91,127,107,102,156,226,141,188,206,230,193,243,300,231,261,233,278,384,381,210,164,194,171,179,172,203,161,152,134,198,165,121,406,215,266,313,178,141,171,110,134,172,116,118,135,161,122,135,94,80,61,67,94,129,96,71,84,91,98,109,76,60,97,53,94,93,51,45,66,85,81,51,93,67,54,58,85,83,44,69,72,88,92,53,54,60,95,79,60,66,72,56,72,60,93,54,61,55,51,50,58,74,81,81,62,76,104,153,79,53,62,60,100,39,39,49,82,79,115,56,60,47,75,59,93,119,77,64,56,62,79,67,64,39,65,37,61,68,68,61,50,72,56,61,80,47,45,61,97,78,82,65,123,118,158,163,115,133,104,60,49,60,88,87,103,136,155,147,168,168,205,215,157,202,164,145,205,296,296,194,181,151,157,147,172,189,177,161,168,160,234,162,167,170,154,156,159,204,170,170,195,131,135,193,124,148,137,143,170,160,154
Japan,50,51,45,44,61,79,43,68,70,94,86,106,82,197,111,74,94,188,136,79,97,101,94,100,64,77,54,48,62,90,55,60,72,55,68,68,77,106,92,115,140,268,156,176,189,193,197,241,278,267,215,225,336,421,386,213,185,194,163,193,220,212,158,156,175,215,193,157,457,230,284,304,180,148,157,128,160,161,126,127,125,156,142,141,92,97,79,50,114,128,102,61,96,85,94,113,79,64,76,48,90,90,57,55,57,84,80,51,51,55,66,49,75,76,53,80,69,78,100,64,52,51,90,94,62,75,53,51,79,85,89,109,67,72,71,70,67,81,69,51,80,90,142,182,64,51,60,73,79,38,38,47,79,76,124,66,60,57,70,42,91,134,100,66,64,74,100,78,59,43,62,47,61,60,61,65,71,79,72,81,87,66,56,61,77,103,60,90,104,104,97,128,121,76,83,47,44,48,72,68,76,105,161,160,125,91,106,175,98,135,148,93,151,259,225,124,106,125,111,89,90,98,95,116,98,107,151,102,115,102,98,106,103,100,111,103,131,88,89,146,69,79,77,92,112,103,92
KOR,2,0,0,1,2,0,1,0,0,0,3,3,5,4,11,0,5,2,2,1,0,1,3,1,0,0,1,1,0,1,0,3,2,0,1,2,2,4,4,3,7,3,9,19,15,21,22,23,16,15,17,24,18,28,33,28,18,26,24,14,25,30,30,20,54,35,31,25,36,45,38,49,25,26,20,22,19,19,23,14,27,28,26,7,21,14,16,14,17,28,19,12,14,23,16,11,24,21,27,25,21,35,20,22,29,30,23,14,14,12,17,9,14,13,14,18,12,22,21,14,15,10,12,13,14,10,17,5,23,12,16,13,15,8,12,16,11,22,14,5,17,27,27,30,15,8,14,21,17,24,21,12,15,18,12,10,16,13,7,11,14,31,17,10,7,10,18,13,10,12,6,16,9,7,9,18,9,24,21,17,14,19,7,15,85,110,61,72,111,93,139,160,105,95,86,56,34,37,82,54,89,104,127,125,11,14,16,25,33,29,19,11,20,27,35,19,24,13,15,19,28,19,16,14,21,21,18,25,23,16,19,23,33,19,14,11,23,13,16,12,9,7,17,12,15,16,14
Philippines,3,1,3,4,0,2,1,4,1,4,2,5,3,3,5,3,4,9,5,7,3,6,7,3,2,7,0,5,7,9,4,5,11,4,15,11,16,20,20,43,20,22,31,29,38,46,58,78,45,43,50,72,46,77,40,25,32,60,69,31,36,43,58,46,52,43,57,57,64,148,117,123,97,47,101,85,51,76,75,54,81,77,57,62,67,61,73,55,46,52,53,42,39,62,84,48,44,37,55,42,25,46,48,52,30,34,35,46,47,35,28,37,34,41,41,44,27,6,74,89,43,49,63,84,122,80,69,51,60,68,102,65,69,53,82,66,76,122,74,74,139,134,220,213,114,102,128,155,89,86,61,90,59,90,105,58,67,50,94,69,81,85,36,31,36,29,39,54,33,19,34,27,26,35,38,28,38,29,38,32,18,27,50,39,38,42,40,16,7,11,6,4,5,4,4,3,14,18,56,52,70,78,147,81,60,54,52,77,64,78,93,109,127,131,165,87,71,71,99,103,96,110,135,145,153,178,203,109,105,106,33,119,156,139,136,137,145,115,147,145,92,73,88,94,61,72,77
Malaysia,4,7,4,2,10,6,2,3,1,4,7,6,3,8,6,5,4,5,4,6,14,6,5,5,2,2,0,10,2,6,6,8,8,9,7,10,23,28,24,28,29,45,32,15,30,16,32,43,29,14,15,36,25,34,30,15,27,18,25,21,19,14,36,30,27,22,20,29,12,37,49,45,28,15,25,24,25,24,23,13,13,20,20,18,7,8,33,10,13,20,16,16,17,26,12,20,14,11,19,23,20,20,5,10,9,17,21,11,13,11,14,6,9,7,9,11,11,8,16,16,16,9,14,16,9,15,12,5,10,22,22,12,26,8,14,18,8,11,5,13,7,22,21,19,11,21,19,17,19,14,15,11,13,17,20,12,5,9,4,11,6,4,10,7,6,10,20,10,7,7,8,9,6,3,17,12,19,29,14,19,11,18,23,22,22,19,35,18,37,32,28,23,23,18,16,7,4,10,7,9,12,19,21,20,16,17,23,21,10,16,18,17,23,21,32,27,30,20,26,23,24,27,24,26,31,16,17,32,11,13,26,28,26,22,25,22,29,41,21,26,14,11,14,14,14,12,10
China,1,5,2,2,8,13,7,16,15,12,8,16,9,16,6,16,8,11,23,19,16,17,10,14,15,9,7,17,16,23,23,18,53,52,78,33,30,66,55,42,76,59,53,39,57,51,67,78,36,25,60,63,45,48,54,28,39,71,45,36,33,42,47,25,22,39,44,21,39,40,73,74,38,22,32,21,20,17,11,9,29,33,40,28,30,16,22,15,16,26,10,12,8,18,25,14,7,20,14,10,7,7,8,11,11,10,18,14,13,3,7,10,14,19,13,9,19,16,18,20,9,16,12,22,21,31,21,9,25,17,42,21,19,12,18,9,17,16,14,11,21,19,39,34,37,14,25,10,13,18,15,23,28,19,31,22,28,10,15,23,22,34,21,18,40,36,23,23,20,13,19,13,17,19,16,21,33,35,19,30,19,20,23,26,20,38,33,23,32,40,39,42,40,27,25,25,22,26,29,25,36,40,77,59,53,61,95,110,45,40,65,42,65,85,120,74,94,49,43,65,110,82,91,120,77,97,111,76,64,62,71,73,74,83,97,74,110,87,125,106,55,47,73,86,88,74,60
Singapore,2,3,4,3,4,13,6,3,3,7,6,5,5,6,7,4,5,3,6,3,3,9,9,7,2,6,5,11,8,11,7,9,13,15,9,17,24,39,43,81,48,78,41,70,55,59,80,107,38,38,33,44,36,49,36,38,34,26,38,43,35,30,46,28,33,36,45,37,25,62,120,125,48,38,42,30,34,37,48,22,26,30,33,35,37,17,16,15,20,33,15,6,17,31,26,29,14,21,25,15,11,15,20,10,18,17,13,19,13,12,14,24,14,23,26,19,15,25,32,18,24,23,33,31,20,18,17,16,34,26,49,25,29,17,25,24,36,44,57,33,47,55,64,108,37,40,49,41,39,37,43,31,41,49,76,41,36,43,48,33,40,79,59,43,57,56,62,63,124,57,85,95,53,50,95,53,72,131,147,119,111,123,151,106,90,120,98,214,282,198,166,190,180,156,145,63,65,132,100,93,123,151,218,116,221,237,292,311,216,173,206,192,338,329,446,131,245,156,205,248,216,287,258,276,284,242,360,194,194,170,247,181,170,196,194,169,255,197,241,232,170,128,154,156,203,155,182
Thailand,2,5,4,2,4,6,1,3,4,3,11,2,6,6,3,5,4,9,7,9,9,9,6,8,5,8,4,5,8,6,2,6,5,4,8,13,5,9,14,17,34,27,36,31,27,22,51,53,29,21,18,52,39,25,20,13,12,13,19,6,8,16,15,16,14,13,12,16,26,53,21,42,26,38,46,33,23,53,62,77,60,60,55,60,38,52,50,61,42,53,34,39,52,25,32,43,25,29,34,21,30,31,24,19,33,30,31,21,24,15,25,15,41,34,39,24,29,34,38,31,9,31,17,20,20,14,30,20,31,33,44,21,25,26,29,18,28,37,35,27,50,36,51,73,37,36,36,32,21,18,12,10,21,17,36,22,22,12,17,21,24,30,16,12,17,16,12,15,15,16,8,12,18,19,14,12,19,20,11,24,14,12,12,14,26,17,3,1,2,3,19,30,43,50,24,22,12,16,23,21,26,27,47,20,30,25,36,34,22,22,23,21,19,42,77,17,16,9,17,17,24,33,26,45,41,38,54,32,23,18,43,23,42,35,33,40,50,23,30,48,31,26,30,34,19,23,17
India,4,2,3,2,4,1,4,2,6,1,2,2,5,7,2,1,0,6,9,5,9,7,3,10,5,7,2,0,4,0,4,7,2,7,8,11,10,15,12,18,34,42,53,26,19,50,38,47,21,20,14,16,27,28,27,30,53,53,82,94,101,102,107,85,90,122,132,91,123,132,157,184,78,68,47,27,30,42,40,40,26,51,43,66,72,55,60,38,33,64,37,28,53,41,60,68,45,61,55,51,45,87,66,62,61,65,62,84,48,49,75,67,41,70,52,52,65,54,66,36,54,50,52,30,35,41,63,61,87,51,85,82,94,87,97,71,75,88,108,68,101,110,118,219,127,80,79,95,104,94,97,84,74,98,101,101,73,96,80,92,110,117,87,98,84,104,129,109,117,88,114,102,105,95,96,89,98,98,84,144,120,103,105,89,107,157,187,191,260,201,247,188,183,166,94,63,54,115,94,122,71,119,110,131,96,159,127,75,79,138,121,134,156,170,167,124,80,88,130,121,174,139,129,116,150,190,165,165,152,197,208,170,159,178,185,187,156,178,119,137,114,110,103,98,103,220,223
Indonesia,4,3,1,3,3,10,6,5,1,3,4,4,7,11,3,0,1,2,7,1,1,4,4,8,6,5,4,16,8,5,9,5,10,3,18,9,7,22,20,25,39,35,40,38,66,74,140,260,47,32,31,49,44,52,38,35,20,38,54,50,27,50,42,37,98,54,39,45,41,75,76,126,55,60,69,55,62,53,50,38,34,49,62,63,56,44,40,39,41,35,29,20,23,34,33,20,15,12,22,21,12,35,16,10,22,30,27,11,8,18,16,23,13,20,15,13,25,19,22,7,13,14,15,19,16,20,15,16,22,14,28,16,22,15,18,20,10,19,14,23,36,34,37,47,13,14,18,24,15,11,17,7,15,30,32,18,15,19,15,12,21,23,17,12,22,22,26,16,12,10,8,20,23,19,20,11,25,46,28,26,15,18,19,16,16,19,27,16,21,28,18,29,20,21,11,10,10,13,15,13,25,27,29,24,22,19,17,33,15,26,22,33,35,39,71,42,29,23,26,30,22,40,19,26,31,29,70,31,20,15,31,15,34,32,39,51,31,31,33,52,27,25,25,21,35,26,26
Viet nam,0,0,0,0,0,0,0,0,1,4,0,1,0,0,0,0,0,1,0,0,0,1,1,2,1,0,0,0,0,0,0,0,1,1,1,1,7,4,6,3,5,6,1,9,2,4,9,10,7,2,3,6,6,7,3,4,5,4,8,5,2,6,6,2,8,7,4,9,17,9,24,17,9,6,11,9,7,7,8,11,7,8,11,12,2,5,14,3,10,11,6,6,5,9,20,4,2,5,11,8,3,13,10,11,13,5,24,7,6,3,6,10,7,13,4,2,10,11,18,6,3,5,10,7,3,13,5,9,10,12,10,6,7,6,6,6,3,7,8,7,7,6,15,14,3,3,14,18,25,17,10,12,21,18,23,13,7,11,19,11,13,7,12,13,9,10,16,9,9,6,10,3,8,13,13,13,9,11,11,10,7,4,10,6,5,10,6,7,13,11,17,11,6,6,4,2,1,3,2,3,3,5,11,5,7,1,3,5,4,0,2,2,3,6,18,7,9,4,8,3,11,8,5,4,5,11,11,11,10,7,6,9,8,6,12,14,14,4,11,6,4,2,9,1,9,8,3
Malaysia,0,0,0,0,0,0,0,0,0,0,0,0,0,0,0,0,0,0,0,0,0,0,0,0,0,0,0,0,0,0,0,0,0,0,0,0,0,0,0,0,0,2,0,0,0,4,1,0,1,0,0,0,1,1,0,0,1,0,1,0,0,1,2,1,1,1,0,0,0,1,1,2,1,1,2,1,1,2,1,0,1,2,2,0,0,0,1,0,0,0,0,0,1,0,0,1,1,0,0,1,1,0,1,0,1,1,1,4,3,1,2,2,2,4,1,0,2,0,0,1,2,3,8,7,1,6,0,1,1,0,1,1,0,1,0,3,1,0,2,1,0,0,6,5,1,1,4,1,2,0,0,2,4,0,3,0,3,1,2,2,2,1,3,3,2,3,2,1,0,3,1,1,3,1,6,3,7,17,6,6,1,3,9,17,8,0,17,15,24,15,8,5,10,16,4,1,0,1,3,2,7,6,4,10,6,2,4,10,5,9,11,6,16,16,16,16,8,14,16,11,6,4,12,5,3,3,6,16,11,10,3,4,13,4,10,7,1,7,7,7,3,4,2,2,3,0,2
Singapore,0,0,0,0,0,0,0,0,0,0,0,0,0,0,0,0,0,0,0,0,0,0,0,0,0,0,0,0,0,0,0,0,0,0,0,0,0,0,0,0,0,23,37,22,27,26,45,36,22,15,17,18,10,32,26,11,11,11,14,18,8,16,16,11,18,14,24,11,17,33,61,81,20,12,18,15,15,22,24,20,11,15,27,23,9,7,16,11,9,19,10,12,14,17,28,16,14,15,33,12,10,15,10,8,9,8,12,11,4,7,6,4,5,12,12,7,13,11,25,10,5,11,13,16,12,9,13,4,17,8,20,21,15,8,8,11,13,15,16,20,24,26,31,66,21,16,11,33,15,21,17,12,17,16,22,12,22,12,14,11,15,25,21,2,5,3,5,17,3,5,4,5,2,1,1,5,1,5,2,5,6,17,8,2,7,4,11,23,20,9,9,15,9,13,5,2,3,3,4,3,6,10,9,8,4,11,3,3,2,1,4,8,3,5,5,2,4,6,4,1,1,2,7,4,3,3,9,2,3,0,3,4,7,3,1,7,8,2,1,5,7,2,6,5,4,0,2
Sri lanka,0,0,0,0,0,0,0,0,0,0,0,0,0,0,0,0,0,0,0,0,0,0,0,0,0,0,0,0,0,0,0,0,0,0,0,0,0,0,0,0,0,0,0,0,0,0,0,0,0,0,0,0,28,38,34,32,24,7,4,0,2,5,11,5,7,16,17,3,9,22,17,24,10,13,14,20,18,11,11,8,10,11,22,17,21,17,32,7,8,11,8,11,4,5,6,4,2,0,6,4,4,6,3,2,1,2,5,3,3,3,3,3,2,14,13,11,13,11,12,8,8,6,7,6,4,12,7,2,6,7,13,6,12,10,7,9,10,15,10,8,9,7,15,23,13,10,23,13,7,10,4,4,6,4,5,5,3,3,3,5,2,7,4,9,11,12,1,8,6,5,10,5,5,5,8,7,15,6,3,5,5,8,2,7,4,4,7,7,14,31,15,34,21,24,16,13,16,7,13,12,10,5,8,7,13,6,10,12,14,20,10,10,20,16,23,13,17,10,10,9,8,4,6,6,17,21,22,20,13,19,11,11,15,15,14,23,12,9,14,17,10,14,17,16,20,8,3
Sri lanka,0,0,0,0,0,0,0,0,0,0,0,0,0,0,0,0,0,0,0,0,0,0,0,0,0,0,0,0,0,0,0,0,0,0,0,0,0,0,0,0,0,0,0,0,0,0,0,0,0,0,0,0,0,0,0,0,0,20,17,0,3,7,15,19,16,35,22,11,25,29,20,29,19,21,20,19,19,24,14,15,23,27,37,18,34,26,26,25,8,19,12,16,12,20,31,28,9,6,21,12,13,17,11,9,13,18,12,14,8,6,16,9,11,16,9,4,11,7,9,9,9,8,6,9,13,26,10,11,13,6,10,7,5,9,7,10,6,14,8,4,15,13,10,7,8,6,11,19,19,15,19,6,11,16,9,13,9,5,9,6,10,17,9,10,13,14,4,7,6,10,6,9,12,9,5,15,14,21,10,10,16,12,17,10,7,10,11,9,11,18,17,12,14,12,5,9,2,11,8,0,11,13,12,18,14,7,15,17,14,27,13,18,25,37,38,16,13,18,19,17,11,11,8,8,11,14,24,21,14,21,15,12,17,22,7,25,23,20,23,23,24,23,13,15,35,10,29
Bangladesh,0,0,0,0,0,0,0,0,0,0,0,0,0,0,0,0,0,0,0,0,0,0,0,0,0,0,0,0,0,0,0,0,0,0,0,0,0,0,0,0,0,0,0,0,0,0,0,0,0,0,0,0,0,0,0,0,0,0,0,0,0,0,0,0,0,0,0,0,0,0,0,0,0,0,0,0,0,0,0,0,0,0,0,0,18,8,24,18,19,36,17,7,12,28,23,21,14,12,18,16,21,20,17,10,24,8,17,13,15,13,13,14,12,26,16,13,8,21,12,8,8,8,10,24,21,28,13,16,14,13,20,18,22,28,13,17,20,24,17,14,5,13,15,23,14,17,11,11,13,7,8,11,6,19,26,20,21,14,15,24,20,12,21,11,6,8,15,12,17,10,5,11,15,12,18,12,15,12,15,14,25,18,17,5,6,13,19,12,22,16,13,20,14,12,8,5,6,14,28,13,19,9,11,15,15,0,21,32,24,27,11,13,23,37,38,30,24,28,38,27,27,39,41,23,55,42,58,32,40,31,30,11,28,39,27,23,41,31,23,24,27,26,40,39,41,11,32
Pakistan,0,0,0,0,0,2,2,2,4,6,0,1,6,6,1,1,5,1,4,1,4,1,3,6,4,2,4,2,2,2,5,3,4,0,5,1,4,2,0,3,2,8,3,2,4,5,6,3,9,6,4,5,5,7,2,5,7,2,8,5,6,0,7,8,8,6,8,6,3,4,8,13,13,8,16,16,3,14,11,15,3,14,10,10,6,3,16,15,7,12,5,8,12,7,9,4,4,4,13,14,15,17,8,9,8,12,22,20,14,19,22,11,14,21,18,11,11,9,15,26,7,8,15,13,10,13,7,7,16,16,14,12,11,21,31,23,15,31,34,32,21,35,43,49,28,31,55,32,24,39,17,17,24,32,43,22,28,25,35,31,28,37,21,22,29,26,29,25,26,31,30,32,19,24,20,34,41,43,38,42,33,24,34,24,18,29,26,43,47,38,58,31,34,31,22,21,25,28,32,43,48,85,39,43,39,41,46,56,36,87,46,57,54,68,68,44,42,30,29,32,51,64,55,71,159,113,106,93,82,66,72,53,67,106,68,48,62,48,67,62,32,32,77,54,77,64,69
Pakistan,0,0,0,0,0,0,0,0,0,0,0,0,0,0,0,0,0,0,0,0,0,0,0,0,0,0,0,0,0,0,0,0,0,0,0,0,0,0,0,0,0,0,0,0,0,0,0,0,0,0,0,0,0,0,0,0,0,0,0,0,0,0,0,0,0,0,0,0,0,0,0,0,0,0,0,0,0,0,0,0,0,0,0,0,0,0,0,0,0,0,0,0,0,0,0,0,0,0,0,0,0,0,0,0,0,0,0,7,25,13,11,20,11,15,17,22,20,49,38,103,57,13,34,11,25,26,24,19,25,18,23,20,12,16,28,32,33,49,54,41,24,44,51,93,41,51,52,42,38,51,22,31,33,49,51,38,32,30,43,28,44,44,42,32,39,58,47,28,40,32,50,40,42,45,39,42,49,55,35,45,43,41,55,51,42,37,41,56,68,80,69,67,73,59,47,33,32,36,61,54,63,46,47,67,48,46,62,42,42,63,45,72,41,97,52,48,55,53,50,42,77,90,68,103,210,158,120,130,91,93,104,72,94,122,109,87,94,80,111,107,78,63,93,96,92,101,113
KOR,16,5,4,6,10,8,8,10,7,8,11,15,13,18,15,12,13,10,12,16,13,13,5,10,6,4,9,12,8,19,11,12,17,6,7,9,35,54,54,42,49,51,47,40,67,73,75,85,74,64,69,79,85,130,92,71,71,68,73,69,66,81,101,90,87,111,111,108,151,122,140,191,163,84,131,147,114,93,97,82,91,94,114,86,99,98,78,70,74,74,53,65,61,64,55,78,48,51,60,71,63,63,48,83,53,83,84,62,66,36,50,56,66,88,56,72,82,60,116,57,72,45,50,63,40,52,62,40,88,45,53,51,48,34,54,58,53,93,53,46,71,58,110,122,74,59,66,73,67,76,58,87,71,67,87,93,64,56,71,53,56,118,97,59,61,55,41,63,20,11,15,13,14,18,16,30,12,22,37,23,30,14,30,27,33,33,32,23,33,40,29,50,49,35,24,38,33,46,31,58,49,33,44,24,27,46,42,48,56,48,58,48,52,63,81,43,31,22,31,25,37,41,47,60,55,27,50,32,41,16,36,44,42,60,83,64,38,32,34,45,39,22,38,35,33,49,39
KOR,3,1,2,6,5,9,3,6,3,6,5,3,9,8,11,6,9,2,10,5,2,8,1,3,5,3,1,3,6,5,6,10,7,5,8,5,12,22,19,10,20,24,10,18,15,37,48,31,29,31,19,23,30,24,39,30,22,31,30,33,33,21,29,42,30,33,48,26,67,34,56,70,33,28,40,26,23,14,21,26,27,41,33,26,31,17,16,24,23,43,28,31,19,22,29,21,10,21,21,15,28,18,10,26,21,33,26,13,20,16,11,14,16,9,15,13,14,14,12,9,9,16,12,10,7,7,10,15,23,12,9,13,9,10,10,12,9,17,9,11,18,17,21,19,16,14,18,18,13,23,18,13,30,17,20,21,19,10,17,15,20,25,22,15,15,21,18,17,18,11,13,9,13,6,14,34,15,27,33,20,26,21,24,23,36,23,17,25,33,29,24,21,43,24,22,26,20,24,29,46,39,34,59,46,55,36,56,64,72,74,53,49,62,72,107,72,39,33,38,54,43,34,47,67,62,40,76,45,37,26,49,48,53,62,72,74,68,39,48,47,27,19,45,40,55,53,46
KOR,2,5,6,1,5,8,7,1,4,5,13,4,6,11,6,7,7,5,12,9,7,12,5,13,9,0,5,7,6,13,6,11,20,12,7,0,4,5,30,61,53,28,15,11,22,12,28,21,11,18,9,18,27,51,79,48,50,54,44,50,25,16,51,35,17,44,104,66,150,87,129,175,81,48,52,84,46,59,44,44,57,106,74,53,76,50,56,39,31,65,59,48,43,57,58,46,27,26,62,48,42,61,51,61,64,88,41,34,39,27,30,46,46,36,33,28,55,40,59,35,19,20,24,32,28,20,35,42,31,32,62,62,24,32,71,50,26,44,22,37,62,19,84,21,54,33,37,35,45,57,33,55,66,37,59,44,43,29,33,27,41,72,53,25,36,41,38,17,28,19,10,14,17,15,32,44,20,38,30,20,30,19,19,23,24,27,23,19,37,62,23,31,41,36,25,36,43,37,46,54,50,50,79,74,100,55,70,114,133,95,73,90,97,107,132,68,70,67,62,63,75,54,66,83,90,70,129,96,80,70,71,87,95,76,97,76,96,40,88,73,75,55,74,68,64,71,77
KOR,5,4,8,5,9,9,14,1,5,10,17,12,7,16,10,12,6,4,9,6,9,7,11,12,5,9,4,3,6,5,12,11,11,4,14,14,25,36,26,23,18,38,25,40,15,29,25,32,32,37,45,48,30,50,26,37,53,60,74,76,50,58,35,47,32,52,57,46,88,76,95,122,56,52,40,34,30,50,33,43,29,27,37,44,26,34,56,24,30,37,34,22,27,36,43,39,22,32,23,27,42,41,29,30,51,33,34,21,36,16,22,28,40,32,37,29,20,34,36,23,25,14,12,17,24,27,26,25,28,26,17,23,22,20,33,23,23,56,51,51,23,25,30,40,15,16,21,21,9,21,14,24,23,17,20,17,28,12,11,11,27,23,28,21,23,22,18,26,21,22,27,16,18,15,40,28,28,51,25,32,30,22,41,43,33,38,42,25,38,44,58,35,52,48,32,39,37,31,42,49,71,83,117,69,90,65,98,104,91,80,99,62,95,111,100,90,71,56,89,85,89,72,75,119,82,85,138,68,57,47,69,59,62,59,53,53,57,49,71,62,47,39,54,75,58,55,56
Combined,276,243,240,217,269,377,238,302,293,414,446,460,451,721,501,385,446,715,599,369,496,527,463,509,335,341,303,289,333,442,315,351,432,324,462,397,564,781,741,859,1042,1468,1063,1128,1263,1387,1587,1917,1609,1316,1363,1484,1672,2116,1983,1332,1289,1354,1374,1325,1309,1407,1437,1244,1302,1607,1577,1306,2388,2263,2555,3215,1785,1431,1548,1305,1191,1383,1181,1102,1162,1445,1376,1431,1153,1020,1122,844,913,1186,868,689,822,975,1161,1115,739,784,1035,782,831,995,733,805,813,949,898,757,762,616,730,713,751,899,713,724,806,830,1153,822,682,637,783,829,761,843,790,645,999,840,1151,927,935,818,925,875,810,1174,1028,901,1159,1271,1782,2351,1190,995,1116,1147,1083,1073,866,884,1083,1119,1409,996,974,807,1001,825,1105,1523,1098,869,955,1012,1127,989,996,727,878,792,783,828,913,930,994,1237,1044,1216,1061,908,1079,1003,1080,1390,1326,1486,1971,1692,1747,1707,1655,1388,1029,740,732,944,1089,1103,1225,1456,1839,1561,1621,1651,1868,2001,1535,1834,1773,1783,2321,2949,3099,1834,1646,1473,1728,1707,1897,1999,1896,2063,2336,2186,2856,1988,1831,1738,1945,1796,1956,2137,2157,1974,2241,1804,1925,2251,1575,1408,1567,1662,1816,1837,1863